0~2011-01-19~~Carmella~Debarros~CarmellaDebarros@gmail.com~0015545573511~~1982-08-28
1~2012-03-26~~Krystal~Caraballo~KrystalCaraballo@gmail.com~0012537203057~~1970-01-13
2~2011-06-01~~Marguerite~Milligan~MargueriteMilligan@gmail.com~0017153177673~~1973-06-19
3~2014-10-27~~Samuel~Patterson~SamuelPatterson@gmail.com~0012116473015~~1968-02-25
4~2013-10-30~~Veda~Farris~VedaFarris@gmail.com~0012725775467~~1997-05-21
5~2011-04-24~~Erin~Dyer~ErinDyer@gmail.com~0017735487147~~1988-05-12
6~2012-10-09~~Stacey~Shipe~StaceyShipe@gmail.com~0014010086246~~1960-09-23
7~2010-09-26~~Ollie~Acosta~OllieAcosta@gmail.com~0018242411378~~1970-10-13
8~2013-02-14~~Marian~Patton~MarianPatton@gmail.com~0015276761101~~1999-04-09
9~2013-12-18~~Lionel~Cunningham~LionelCunningham@gmail.com~0014041243288~~1974-03-17
10~2011-11-23~~Kelly~Lockhart~KellyLockhart@gmail.com~0014881334535~~1983-08-10
11~2010-04-02~~Marie~Chen~MarieChen@gmail.com~0013602538326~~1985-03-22
12~2013-01-05~~Ira~Morgan~IraMorgan@gmail.com~0011344404707~~1970-11-03
13~2013-07-23~~Michael~Orozco~MichaelOrozco@gmail.com~0017580115483~~1979-06-24
14~2010-06-12~~Verona~Robinson~VeronaRobinson@gmail.com~0013320375687~~1962-03-23
15~2010-12-05~~Robert~Ramirez~RobertRamirez@gmail.com~0017883057148~~1991-09-27
16~2012-02-19~~Bruce~Smith~BruceSmith@gmail.com~0018200541027~~1997-04-23
17~2010-04-18~~David~Scott~DavidScott@gmail.com~0010460641637~~1967-12-10
18~2013-11-21~~Robert~Dearing~RobertDearing@gmail.com~0011247204181~~1968-04-03
19~2012-05-07~~Angela~Flores~AngelaFlores@gmail.com~0018126027301~~1993-02-12
20~2014-06-10~~Shawn~Shininger~ShawnShininger@gmail.com~0018134780262~~1991-05-28
21~2013-06-30~~Paul~Bosma~PaulBosma@gmail.com~0012278175741~~1992-12-21
22~2012-12-15~~Robert~Porter~RobertPorter@gmail.com~0014786701611~~1988-01-06
23~2014-07-26~~Jessica~Anderson~JessicaAnderson@gmail.com~0015808035174~~1972-11-01
24~2013-12-11~~Emily~Flander~EmilyFlander@gmail.com~0010072754038~~1984-11-10
25~2014-09-23~~Freddie~Smith~FreddieSmith@gmail.com~0015617678184~~1993-02-06
26~2014-08-25~~Craig~Valliere~CraigValliere@gmail.com~0011171671627~~1977-03-09
27~2013-04-19~~Holly~Scott~HollyScott@gmail.com~0012101616680~~1976-12-02
28~2010-08-04~~Kenneth~Lipsitz~KennethLipsitz@gmail.com~0013631553867~~1999-07-09
29~2014-07-17~~Debra~Fletcher~DebraFletcher@gmail.com~0014054563488~~1963-05-28
30~2013-06-15~~Jennifer~Romig~JenniferRomig@gmail.com~0016557283687~~1991-10-29
31~2011-06-18~~Kay~Scott~KayScott@gmail.com~0018542328877~~1989-12-13
32~2011-11-24~~Maria~Davis~MariaDavis@gmail.com~0012530784466~~1972-03-10
33~2011-07-16~~Theresa~Osgood~TheresaOsgood@gmail.com~0017727487440~~1985-04-19
34~2012-08-17~~Joan~Stella~JoanStella@gmail.com~0015653455174~~1966-07-15
35~2013-04-30~~Dean~Thomas~DeanThomas@gmail.com~0014723346470~~1979-10-27
36~2010-07-29~~Glenn~Freeman~GlennFreeman@gmail.com~0018053756740~~1986-12-13
37~2013-09-12~~Gertrude~Scott~GertrudeScott@gmail.com~0015047766632~~1973-07-01
38~2010-01-08~~Larry~Klein~LarryKlein@gmail.com~0017184727006~~1983-12-02
39~2013-01-31~~Samuel~Reuter~SamuelReuter@gmail.com~0015732125442~~1964-06-05
40~2010-04-28~~Steve~Campbell~SteveCampbell@gmail.com~0014742617761~~1964-04-04
41~2010-04-11~~John~Walker~JohnWalker@gmail.com~0015517624882~~1972-10-10
42~2013-09-16~~Melinda~Teasley~MelindaTeasley@gmail.com~0014635125365~~1977-08-01
43~2011-07-09~~Forrest~Gaffey~ForrestGaffey@gmail.com~0010076528037~~1960-04-17
44~2012-03-24~~Christopher~Chalepah~ChristopherChalepah@gmail.com~0015607400444~~1996-05-30
45~2012-10-04~~Georgia~Chan~GeorgiaChan@gmail.com~0016648625832~~1973-09-05
46~2014-08-22~~Dana~Kuhns~DanaKuhns@gmail.com~0014808876802~~1994-08-07
47~2010-11-14~~Mary~Burns~MaryBurns@gmail.com~0011240401571~~1965-04-10
48~2013-03-12~~Joseph~Nguyen~JosephNguyen@gmail.com~0018878315662~~1970-05-19
49~2011-02-02~~Ana~Ruschmeyer~AnaRuschmeyer@gmail.com~0016377834611~~1981-11-28
50~2011-09-05~~Eleanor~Madden~EleanorMadden@gmail.com~0012641211577~~1973-09-12
51~2012-08-03~~Ruth~Tuenge~RuthTuenge@gmail.com~0017711728763~~1990-12-14
52~2010-05-25~~William~Vinson~WilliamVinson@gmail.com~0016075277330~~1980-12-02
53~2012-02-07~~Robert~Mckinney~RobertMckinney@gmail.com~0016502585712~~1994-05-09
54~2012-04-29~~Lillian~Rataj~LillianRataj@gmail.com~0015207408671~~1970-11-04
55~2012-10-16~~Elba~Johnson~ElbaJohnson@gmail.com~0016362501352~~1987-11-03
56~2012-07-19~~Daryl~Mayor~DarylMayor@gmail.com~0014600228626~~1989-03-03
57~2014-11-03~~George~Burns~GeorgeBurns@gmail.com~0016572167362~~1996-03-25
58~2012-12-15~~Tonya~Smith~TonyaSmith@gmail.com~0016415852774~~1985-12-01
59~2010-02-10~~Michael~Todd~MichaelTodd@gmail.com~0010123437327~~1967-11-02
60~2014-01-27~~Loren~Emerson~LorenEmerson@gmail.com~0018243500844~~1974-05-01
61~2011-01-01~~Helen~Perry~HelenPerry@gmail.com~0017725882316~~1970-11-25
62~2010-05-10~~Michael~Duty~MichaelDuty@gmail.com~0016635068824~~1997-05-10
63~2014-12-16~~Grady~Gonzalez~GradyGonzalez@gmail.com~0014280872174~~1982-10-31
64~2013-07-02~~James~Menken~JamesMenken@gmail.com~0014386360233~~1975-09-25
65~2014-07-04~~Gail~Bostick~GailBostick@gmail.com~0010224725113~~1977-03-21
66~2014-07-02~~Mary~Keen~MaryKeen@gmail.com~0013875610552~~1992-04-10
67~2013-03-03~~Oliver~Ledezma~OliverLedezma@gmail.com~0012547130048~~1993-11-14
68~2010-07-01~~Krista~Szot~KristaSzot@gmail.com~0015250778330~~1994-06-27
69~2014-10-21~~Ernest~Washington~ErnestWashington@gmail.com~0016686026374~~1979-05-28
70~2014-07-13~~John~Parks~JohnParks@gmail.com~0012006037473~~1972-08-28
71~2013-01-18~~Carola~Phillips~CarolaPhillips@gmail.com~0012424145407~~1967-08-16
72~2014-01-23~~Rosa~Roberts~RosaRoberts@gmail.com~0013458536525~~1961-07-23
73~2013-11-21~~Arthur~Dillinger~ArthurDillinger@gmail.com~0012623335565~~1964-06-27
74~2011-04-14~~John~Rivas~JohnRivas@gmail.com~0015442175337~~1968-10-18
75~2012-05-20~~Betty~Scavone~BettyScavone@gmail.com~0010102200801~~1973-02-18
76~2013-08-06~~Brian~Shoun~BrianShoun@gmail.com~0010573344801~~1964-05-03
77~2011-05-08~~Jonathan~Williams~JonathanWilliams@gmail.com~0012584785244~~1963-01-26
78~2014-11-03~~William~Sharp~WilliamSharp@gmail.com~0016840881471~~1978-02-02
79~2012-07-18~~Joyce~Mathews~JoyceMathews@gmail.com~0012461383526~~1960-02-12
80~2013-09-02~~John~Fernandez~JohnFernandez@gmail.com~0015745675436~~1998-09-13
81~2013-02-21~~Patricia~Bauder~PatriciaBauder@gmail.com~0011008081376~~1982-07-02
82~2014-01-04~~Randall~Savage~RandallSavage@gmail.com~0014530730851~~1965-10-24
83~2014-06-24~~Diane~Emond~DianeEmond@gmail.com~0011712821254~~1970-07-02
84~2012-07-19~~Cheri~Johnson~CheriJohnson@gmail.com~0015636247174~~1984-06-18
85~2013-10-01~~James~Peterson~JamesPeterson@gmail.com~0018452078882~~1972-10-20
86~2013-04-15~~Thomas~Payton~ThomasPayton@gmail.com~0018883332002~~1990-06-04
87~2012-04-26~~Latasha~Little~LatashaLittle@gmail.com~0017016748361~~1991-06-27
88~2014-07-20~~Peter~Kint~PeterKint@gmail.com~0013773147872~~1992-04-16
89~2014-04-02~~Valerie~Bailey~ValerieBailey@gmail.com~0010576123022~~1993-03-30
90~2014-03-28~~Ann~Stubblefield~AnnStubblefield@gmail.com~0015258175608~~1977-08-12
91~2013-12-13~~Catherine~Schrecengost~CatherineSchrecengost@gmail.com~0011831840320~~1965-01-23
92~2010-07-20~~Michael~Murphy~MichaelMurphy@gmail.com~0010265675543~~1981-04-05
93~2012-05-06~~Edna~Marusak~EdnaMarusak@gmail.com~0016056231302~~1999-03-09
94~2011-06-02~~Jeremy~Barnes~JeremyBarnes@gmail.com~0015851475801~~1975-08-01
95~2014-06-20~~William~Espinoza~WilliamEspinoza@gmail.com~0011858226675~~1989-05-24
96~2014-12-28~~Irene~Kirkpatrick~IreneKirkpatrick@gmail.com~0014367874137~~1986-12-12
97~2011-03-06~~Gary~Strickland~GaryStrickland@gmail.com~0014263053312~~1981-07-05
98~2013-12-24~~Douglas~Soule~DouglasSoule@gmail.com~0015084464066~~1961-08-10
99~2013-03-05~~Patrick~Simon~PatrickSimon@gmail.com~0010102746181~~1998-03-14
100~2012-07-17~~Holly~Roman~HollyRoman@gmail.com~0014461702040~~1991-04-15
101~2012-09-04~~Felicia~Harrod~FeliciaHarrod@gmail.com~0018455744187~~1987-03-25
102~2013-11-15~~Eddie~Kent~EddieKent@gmail.com~0018431778387~~1971-11-01
103~2013-12-27~~Joe~Mcwilliams~JoeMcwilliams@gmail.com~0011573053337~~1977-03-19
104~2011-09-25~~Leon~Batten~LeonBatten@gmail.com~0015531638183~~1974-11-19
105~2011-10-16~~Debra~Logie~DebraLogie@gmail.com~0010383344653~~1978-07-25
106~2013-07-13~~Roy~Vizcaino~RoyVizcaino@gmail.com~0012343284214~~1965-10-03
107~2012-01-26~~Daniel~Castillo~DanielCastillo@gmail.com~0016362216208~~1990-12-21
108~2010-04-21~~Alex~Cook~AlexCook@gmail.com~0011105834218~~1997-09-04
109~2010-02-02~~Louise~Re~LouiseRe@gmail.com~0015510153085~~1972-10-24
110~2011-12-31~~Duane~Jones~DuaneJones@gmail.com~0015227720731~~1986-02-04
111~2011-11-07~~Guillermo~Decker~GuillermoDecker@gmail.com~0015870074777~~1970-12-31
112~2012-08-25~~Edith~Camren~EdithCamren@gmail.com~0010125650451~~1960-09-06
113~2012-11-08~~Alexis~Lewis~AlexisLewis@gmail.com~0010536086437~~1960-09-04
114~2014-07-22~~Teresa~Rodgers~TeresaRodgers@gmail.com~0013064164303~~1982-06-07
115~2012-05-02~~James~Herstad~JamesHerstad@gmail.com~0018732327375~~1987-06-23
116~2014-10-30~~Lorena~Stocker~LorenaStocker@gmail.com~0016640176433~~1973-02-11
117~2012-03-05~~Mary~Grayson~MaryGrayson@gmail.com~0010204353758~~1994-06-02
118~2012-09-20~~Marjorie~Nicholas~MarjorieNicholas@gmail.com~0013152760100~~1976-02-24
119~2012-08-10~~Richard~Anderson~RichardAnderson@gmail.com~0014623454374~~1996-05-16
120~2011-11-21~~Dianna~Hines~DiannaHines@gmail.com~0016440313530~~1965-02-22
121~2012-05-07~~Amy~Warthen~AmyWarthen@gmail.com~0017708766581~~1993-10-27
122~2010-11-03~~Gonzalo~Nev~GonzaloNev@gmail.com~0018153864254~~1979-03-13
123~2014-08-26~~Jeanette~Powers~JeanettePowers@gmail.com~0011630320885~~1992-12-10
124~2011-02-21~~Edward~Morgan~EdwardMorgan@gmail.com~0016210761527~~1991-05-22
125~2010-12-02~~Charisse~Hamby~CharisseHamby@gmail.com~0012430571650~~1964-04-03
126~2010-10-25~~Brenda~Noe~BrendaNoe@gmail.com~0013460002328~~1963-11-22
127~2013-09-07~~Cheryl~Huddleston~CherylHuddleston@gmail.com~0015476102460~~1991-10-03
128~2014-03-12~~Chris~Gross~ChrisGross@gmail.com~0013285118770~~1984-01-04
129~2014-07-22~~Charles~Morgan~CharlesMorgan@gmail.com~0014147143116~~1996-10-15
130~2012-07-26~~Robert~Hazlett~RobertHazlett@gmail.com~0010568533587~~1979-07-26
131~2010-04-20~~Jay~Perez~JayPerez@gmail.com~0018366481155~~1983-12-25
132~2012-04-30~~David~Sayed~DavidSayed@gmail.com~0010216631532~~1974-05-13
133~2012-03-26~~Gary~Lininger~GaryLininger@gmail.com~0014105757327~~1990-03-17
134~2011-03-27~~Richard~Cook~RichardCook@gmail.com~0011058315227~~1961-12-05
135~2014-09-24~~Mauricio~Brumley~MauricioBrumley@gmail.com~0016606261420~~1979-07-02
136~2010-12-29~~Stephen~Chowenhill~StephenChowenhill@gmail.com~0013078721477~~1978-04-06
137~2012-08-07~~Paulette~Stone~PauletteStone@gmail.com~0014740581814~~1980-05-21
138~2010-03-06~~Sarita~Lara~SaritaLara@gmail.com~0014248406668~~1972-06-24
139~2013-11-12~~Gerald~Gibbs~GeraldGibbs@gmail.com~0013313500582~~1993-03-09
140~2013-06-14~~Mike~Dubiel~MikeDubiel@gmail.com~0014726721038~~1985-02-08
141~2013-02-08~~Donald~Meddaugh~DonaldMeddaugh@gmail.com~0010046311661~~1970-09-30
142~2012-02-29~~Kathleen~Eastwood~KathleenEastwood@gmail.com~0011272382788~~1992-05-24
143~2014-01-09~~Anthony~Roberts~AnthonyRoberts@gmail.com~0018743064543~~1983-05-22
144~2010-11-13~~Kenneth~Shannon~KennethShannon@gmail.com~0013183830116~~1968-09-28
145~2011-11-07~~Katherine~Cotter~KatherineCotter@gmail.com~0012573476465~~1976-07-23
146~2010-06-07~~Sandra~Curran~SandraCurran@gmail.com~0012468780163~~1966-05-20
147~2010-01-03~~Janie~Gurrola~JanieGurrola@gmail.com~0014476634668~~1982-08-22
148~2010-05-08~~Rhonda~Osborn~RhondaOsborn@gmail.com~0015671583167~~1992-09-27
149~2011-05-12~~Ann~Lyons~AnnLyons@gmail.com~0014643011286~~1991-08-05
150~2013-10-13~~Marjorie~Gonzales~MarjorieGonzales@gmail.com~0013264265637~~1987-08-08
151~2013-08-04~~James~Custer~JamesCuster@gmail.com~0014052721105~~1995-04-29
152~2013-06-02~~Susie~Kopplin~SusieKopplin@gmail.com~0016718363323~~1994-05-03
153~2012-06-02~~Vernon~Chatfield~VernonChatfield@gmail.com~0013504237210~~1977-01-12
154~2010-04-21~~Patricia~Richmond~PatriciaRichmond@gmail.com~0013370584407~~1971-11-16
155~2011-08-08~~Roger~Keeler~RogerKeeler@gmail.com~0018771770301~~1966-03-04
156~2011-04-26~~Edward~Zachmann~EdwardZachmann@gmail.com~0018431148735~~1967-11-25
157~2013-05-01~~Roberto~Perkins~RobertoPerkins@gmail.com~0015475202251~~1985-02-10
158~2012-01-15~~Mary~Mccabe~MaryMccabe@gmail.com~0011232155164~~1981-02-08
159~2014-06-23~~Dennis~Mills~DennisMills@gmail.com~0012236567407~~1990-11-08
160~2011-05-10~~Charles~Usher~CharlesUsher@gmail.com~0018645316827~~1984-06-26
161~2014-07-19~~Kimberly~Mcfarlane~KimberlyMcfarlane@gmail.com~0013406084584~~1992-02-15
162~2013-09-03~~Robert~Cassel~RobertCassel@gmail.com~0012167403482~~1990-04-08
163~2012-12-17~~Henry~Ramsey~HenryRamsey@gmail.com~0014502207550~~1971-07-19
164~2010-05-17~~Johna~Chace~JohnaChace@gmail.com~0016818312038~~1969-04-08
165~2010-09-11~~Tammy~Stein~TammyStein@gmail.com~0011628105415~~1990-03-17
166~2010-03-08~~Deirdre~Foster~DeirdreFoster@gmail.com~0016157282823~~1991-06-20
167~2010-06-15~~Mary~Coleman~MaryColeman@gmail.com~0011374814213~~1966-04-16
168~2010-04-12~~Helen~Sheppard~HelenSheppard@gmail.com~0016363118010~~1979-04-18
169~2012-09-09~~Karen~Lindstrom~KarenLindstrom@gmail.com~0017834257436~~1977-01-13
170~2010-01-10~~Hanna~Miller~HannaMiller@gmail.com~0012533075613~~1995-03-19
171~2014-07-29~~Otilia~Towner~OtiliaTowner@gmail.com~0016174687601~~1960-05-11
172~2010-07-28~~Brendan~Graham~BrendanGraham@gmail.com~0015625173840~~1981-09-27
173~2012-04-11~~Angela~Mandich~AngelaMandich@gmail.com~0015148710446~~1979-01-22
174~2011-06-12~~Jose~Anzalone~JoseAnzalone@gmail.com~0015461687152~~1990-02-20
175~2011-02-23~~Britany~Depalma~BritanyDepalma@gmail.com~0011763331248~~1976-04-09
176~2013-01-29~~Mary~Oden~MaryOden@gmail.com~0015782487518~~1970-01-25
177~2013-02-26~~Kelli~Hughes~KelliHughes@gmail.com~0014863748824~~1960-08-28
178~2014-08-03~~Ellen~Frey~EllenFrey@gmail.com~0015210238185~~1972-07-23
179~2011-05-25~~Elizabeth~Borden~ElizabethBorden@gmail.com~0017050641217~~1991-12-02
180~2012-11-13~~Raymond~Brookins~RaymondBrookins@gmail.com~0012407688288~~1960-09-04
181~2010-04-03~~David~Eaton~DavidEaton@gmail.com~0014155124260~~1979-09-28
182~2013-03-07~~Jessica~Brock~JessicaBrock@gmail.com~0015684300167~~1960-05-13
183~2012-08-22~~Kareem~Lynch~KareemLynch@gmail.com~0013670437761~~1969-11-08
184~2013-03-21~~Wesley~Stafford~WesleyStafford@gmail.com~0018368511247~~1993-08-18
185~2010-05-19~~Richard~Lujan~RichardLujan@gmail.com~0017561450618~~1969-06-24
186~2011-05-29~~Chance~Donaldson~ChanceDonaldson@gmail.com~0011802070135~~1980-02-17
187~2013-01-25~~Patty~Callahan~PattyCallahan@gmail.com~0014355350215~~1969-07-05
188~2010-04-02~~Patricia~Champagne~PatriciaChampagne@gmail.com~0017825006726~~1982-06-14
189~2012-09-13~~Jeffrey~Sherwin~JeffreySherwin@gmail.com~0016083768543~~1970-12-13
190~2012-12-06~~Jack~Davis~JackDavis@gmail.com~0010384818247~~1979-07-11
191~2010-05-10~~Eleanor~Jerome~EleanorJerome@gmail.com~0013888346772~~1996-07-02
192~2012-10-06~~Theodore~Huntley~TheodoreHuntley@gmail.com~0012211676746~~1961-02-17
193~2013-01-27~~Adam~Ledesma~AdamLedesma@gmail.com~0010782167120~~1981-01-21
194~2014-03-16~~Margaret~Sheppard~MargaretSheppard@gmail.com~0012821180558~~1986-05-01
195~2014-11-07~~Ramon~Polk~RamonPolk@gmail.com~0014730524531~~1993-10-21
196~2013-02-22~~Mike~Johnson~MikeJohnson@gmail.com~0018050383138~~1979-07-12
197~2014-04-30~~Donald~Watson~DonaldWatson@gmail.com~0011654612372~~1990-06-26
198~2013-03-26~~Jeffrey~Brant~JeffreyBrant@gmail.com~0014268532546~~1986-10-31
199~2010-08-02~~Alan~Karp~AlanKarp@gmail.com~0015750658432~~1983-05-28
