0	2010-05-09		David	Andersen	DavidAndersen@gmail.com	0012862415266		1990-05-15
1	2011-12-16		Annamarie	Hutchins	AnnamarieHutchins@gmail.com	0016254164126		1991-05-01
2	2012-01-04		Michael	Brinton	MichaelBrinton@gmail.com	0018746538016		1964-11-07
3	2010-05-21		Sandy	Howard	SandyHoward@gmail.com	0011750386105		1977-11-03
4	2014-01-19		James	Padgett	JamesPadgett@gmail.com	0012676366242		1998-03-03
5	2013-10-09		Albert	Ricciardi	AlbertRicciardi@gmail.com	0010327046184		1999-12-15
6	2011-10-26		Fred	Melero	FredMelero@gmail.com	0015581454272		1975-08-06
7	2014-04-01		Timothy	Gookin	TimothyGookin@gmail.com	0016778068467		1970-04-03
8	2014-07-09		Stephanie	Bright	StephanieBright@gmail.com	0018828213380		1991-05-10
9	2010-03-09		Elizabeth	Marsh	ElizabethMarsh@gmail.com	0017500411457		1991-07-17
10	2014-08-21		Heidi	Hale	HeidiHale@gmail.com	0016867807273		1966-01-11
11	2013-11-10		Alissa	Arthur	AlissaArthur@gmail.com	0013123860118		1960-05-08
12	2012-03-21		Heather	Skeesick	HeatherSkeesick@gmail.com	0016181330427		1984-02-03
13	2014-09-08		Trudy	Leyh	TrudyLeyh@gmail.com	0011504054813		1993-10-02
14	2010-09-30		Ron	Kilburn	RonKilburn@gmail.com	0016833155723		1974-01-01
15	2011-11-29		Paul	Wilson	PaulWilson@gmail.com	0010452641874		1973-08-25
16	2011-04-10		Michelle	Swick	MichelleSwick@gmail.com	0011280074272		1964-07-17
17	2012-12-01		Misty	White	MistyWhite@gmail.com	0016045516678		1969-07-23
18	2013-12-30		Sara	Marks	SaraMarks@gmail.com	0012553424378		1973-08-16
19	2013-06-19		Ralph	Pychardo	RalphPychardo@gmail.com	0010405371038		1994-01-21
20	2010-02-14		Wilfred	Chu	WilfredChu@gmail.com	0016152565453		1993-12-11
21	2011-08-10		Karen	Souter	KarenSouter@gmail.com	0014783107140		1968-04-03
22	2012-02-24		Diane	Petit	DianePetit@gmail.com	0016664372436		1968-02-25
23	2014-05-27		William	Mayberry	WilliamMayberry@gmail.com	0014013578854		1967-05-30
24	2011-04-24		Robin	Mcknight	RobinMcknight@gmail.com	0016132684042		1975-03-06
25	2012-05-12		Gladys	Ruffin	GladysRuffin@gmail.com	0016266165071		1968-08-05
26	2010-07-24		John	Dennis	JohnDennis@gmail.com	0015508701110		1964-12-29
27	2010-01-07		Derek	Miller	DerekMiller@gmail.com	0010562565687		1960-09-14
28	2014-06-15		Daniel	Sowl	DanielSowl@gmail.com	0017582363848		1965-01-26
29	2011-01-30		Richard	Raper	RichardRaper@gmail.com	0017480270378		1986-04-30
30	2012-03-03		Richard	Holton	RichardHolton@gmail.com	0017543603560		1991-07-29
31	2011-04-03		Judy	Rodriguez	JudyRodriguez@gmail.com	0014831261143		1999-07-11
32	2010-08-09		James	Navarrete	JamesNavarrete@gmail.com	0011030616571		1963-03-13
33	2010-09-09		Alice	Johnson	AliceJohnson@gmail.com	0010208215372		1995-03-27
34	2012-06-06		Barbara	Rosado	BarbaraRosado@gmail.com	0018646072667		1973-10-03
35	2013-12-21		Thomas	Redinger	ThomasRedinger@gmail.com	0012387701550		1966-09-20
36	2013-01-24		Beatrice	Harrison	BeatriceHarrison@gmail.com	0012664463067		1991-08-13
37	2013-02-16		Joyce	Hodges	JoyceHodges@gmail.com	0018637708673		1983-09-20
38	2012-05-03		Gina	Boyle	GinaBoyle@gmail.com	0010714327508		1977-03-30
39	2012-09-09		Mary	Goldman	MaryGoldman@gmail.com	0010787717674		1993-10-21
40	2010-06-13		Josefina	Windham	JosefinaWindham@gmail.com	0016443617766		1986-03-13
41	2010-09-18		Arthur	Lopez	ArthurLopez@gmail.com	0014048462681		1994-07-08
42	2010-08-27		Dora	Rivera	DoraRivera@gmail.com	0013802051143		1973-02-28
43	2012-06-13		Alison	Tiedeman	AlisonTiedeman@gmail.com	0012174667772		1983-01-01
44	2011-01-02		Shannon	Derr	ShannonDerr@gmail.com	0017027068340		1962-12-19
45	2014-10-19		David	Johnson	DavidJohnson@gmail.com	0017541163633		1989-11-13
46	2014-08-04		Isabel	Leach	IsabelLeach@gmail.com	0010145247070		1991-11-29
47	2010-12-29		Betty	Baker	BettyBaker@gmail.com	0018600416583		1991-12-21
48	2013-10-15		Patricia	Lee	PatriciaLee@gmail.com	0014145148853		1995-11-26
49	2013-03-01		Heather	Garnes	HeatherGarnes@gmail.com	0012762714032		1979-11-10
50	2014-11-10		Ervin	Lacroix	ErvinLacroix@gmail.com	0017756842078		1964-07-09
51	2011-01-02		Noe	Wertz	NoeWertz@gmail.com	0016677241556		1976-04-08
52	2013-05-06		India	Osborne	IndiaOsborne@gmail.com	0015138014165		1983-11-04
53	2010-09-20		Kenneth	White	KennethWhite@gmail.com	0014475165883		1974-03-18
54	2012-12-13		William	Duell	WilliamDuell@gmail.com	0012846803504		1984-03-17
55	2012-08-06		David	Burdick	DavidBurdick@gmail.com	0012886176744		1965-10-27
56	2011-07-31		Jacinto	Plata	JacintoPlata@gmail.com	0015570488163		1964-01-18
57	2011-10-18		Luigi	Jackson	LuigiJackson@gmail.com	0012816871116		1978-06-05
58	2014-01-21		James	Beard	JamesBeard@gmail.com	0010208338687		1988-04-01
59	2014-06-19		Mary	Stewart	MaryStewart@gmail.com	0013635360504		1989-05-16
60	2010-07-11		Luis	Turner	LuisTurner@gmail.com	0014007274853		1973-11-21
61	2012-04-28		George	Wells	GeorgeWells@gmail.com	0016631457342		1968-07-09
62	2010-06-07		Floyd	Moss	FloydMoss@gmail.com	0011038237224		1995-11-10
63	2014-02-12		Elizabeth	Burke	ElizabethBurke@gmail.com	0018817666556		1969-04-01
64	2014-09-12		Melanie	Garcia	MelanieGarcia@gmail.com	0012730745752		1971-02-01
65	2014-04-03		Georgiana	Livingston	GeorgianaLivingston@gmail.com	0016561352716		1985-07-01
66	2014-03-31		Daniel	Collins	DanielCollins@gmail.com	0018505140226		1960-11-29
67	2013-05-11		Jane	Washington	JaneWashington@gmail.com	0016264517027		1995-09-30
68	2010-10-07		Marcy	Voves	MarcyVoves@gmail.com	0016002643810		1995-07-03
69	2013-09-03		Tommy	Reynolds	TommyReynolds@gmail.com	0012748055222		1992-06-23
70	2010-03-03		Viola	Byrnes	ViolaByrnes@gmail.com	0012184550071		1970-06-30
71	2013-08-27		Candice	Barron	CandiceBarron@gmail.com	0016207778806		1978-10-17
72	2010-04-16		Jason	Ingram	JasonIngram@gmail.com	0012477140140		1976-09-16
73	2014-02-24		Raymond	Pippin	RaymondPippin@gmail.com	0010262647338		1996-11-16
74	2010-04-12		Dorothy	Paugh	DorothyPaugh@gmail.com	0013406537526		1982-03-27
75	2014-07-05		Michael	Waldman	MichaelWaldman@gmail.com	0015583264372		1975-08-14
76	2012-11-02		Iva	Martin	IvaMartin@gmail.com	0012643167027		1961-09-05
77	2010-02-13		Hazel	Bilotto	HazelBilotto@gmail.com	0011284071537		1969-11-07
78	2012-12-02		Susan	Samet	SusanSamet@gmail.com	0018314326824		1997-09-06
79	2013-09-10		Harvey	Snider	HarveySnider@gmail.com	0016807080237		1989-06-18
80	2013-01-11		Dorothy	Gilpin	DorothyGilpin@gmail.com	0018458002653		1995-05-02
81	2013-01-24		Robin	Austin	RobinAustin@gmail.com	0011876270823		1976-07-12
82	2014-06-26		Alicia	Blake	AliciaBlake@gmail.com	0016387468022		1969-06-05
83	2013-01-04		Dominga	Martin	DomingaMartin@gmail.com	0011518402362		1984-02-04
84	2013-12-28		Everett	Bell	EverettBell@gmail.com	0018001485245		1960-04-11
85	2012-06-25		Walter	Hull	WalterHull@gmail.com	0018112278683		1982-02-28
86	2012-11-18		Marguerite	Fabrizio	MargueriteFabrizio@gmail.com	0013710736860		1980-12-21
87	2011-09-10		James	Pryor	JamesPryor@gmail.com	0011510486160		1967-06-08
88	2013-01-25		William	Thompson	WilliamThompson@gmail.com	0017767515377		1963-07-18
89	2010-01-21		Charlotte	Uhm	CharlotteUhm@gmail.com	0015320318638		1976-04-30
90	2010-02-14		Dorothy	Baird	DorothyBaird@gmail.com	0010764633512		1999-09-05
91	2010-08-19		Teddy	Dullea	TeddyDullea@gmail.com	0013762000721		1963-04-19
92	2010-05-29		Harriett	Kinder	HarriettKinder@gmail.com	0010080385276		1967-02-11
93	2012-11-24		Janette	Owings	JanetteOwings@gmail.com	0016664275416		1962-12-21
94	2013-10-31		Stephen	Dillard	StephenDillard@gmail.com	0017738673148		1999-01-02
95	2012-03-14		Judith	Shulz	JudithShulz@gmail.com	0016742888172		1972-03-03
96	2012-11-07		Charles	Bono	CharlesBono@gmail.com	0014583060126		1960-07-22
97	2012-03-27		Melissa	Moran	MelissaMoran@gmail.com	0012566022334		1969-10-24
98	2010-10-10		Lynda	Nash	LyndaNash@gmail.com	0017547247722		1966-05-11
99	2011-06-07		Carl	Leitner	CarlLeitner@gmail.com	0015627476510		1982-02-10
100	2010-04-12		Linda	Dolphin	LindaDolphin@gmail.com	0014020815213		1962-01-02
101	2013-11-20		Pablo	Autry	PabloAutry@gmail.com	0012870167876		1971-04-16
102	2012-09-21		Rita	Jones	RitaJones@gmail.com	0015268868263		1996-11-02
103	2014-09-17		Maudie	Booker	MaudieBooker@gmail.com	0010701133125		1973-12-14
104	2011-12-22		Tommy	Squire	TommySquire@gmail.com	0016043465564		1965-07-16
105	2014-04-16		Ryan	Carter	RyanCarter@gmail.com	0014175070252		1999-08-15
106	2014-01-13		Reyes	Rodriguez	ReyesRodriguez@gmail.com	0014483478082		1983-09-28
107	2012-09-13		Margaret	Roberson	MargaretRoberson@gmail.com	0013187084117		1965-08-13
108	2011-04-10		James	Frye	JamesFrye@gmail.com	0010383711272		1962-07-26
109	2011-08-18		Thea	Sylvia	TheaSylvia@gmail.com	0017670463242		1977-06-20
110	2014-01-02		Leonard	Jones	LeonardJones@gmail.com	0015715725330		1961-11-17
111	2013-05-14		Michael	Mathis	MichaelMathis@gmail.com	0016802073177		1982-12-08
112	2011-07-27		Louis	Tuttle	LouisTuttle@gmail.com	0015822584441		1983-06-26
113	2013-09-19		John	Bryant	JohnBryant@gmail.com	0013865582585		1963-07-05
114	2012-06-24		Jesse	Walton	JesseWalton@gmail.com	0011157035215		1961-05-15
115	2011-03-07		Detra	Vandevelde	DetraVandevelde@gmail.com	0015628838022		1986-01-21
116	2013-03-09		Michael	Carpenter	MichaelCarpenter@gmail.com	0012760865551		1999-09-17
117	2011-06-03		Clarice	Williams	ClariceWilliams@gmail.com	0012107415883		1974-05-01
118	2013-03-24		Ruthie	Miller	RuthieMiller@gmail.com	0012063183220		1981-07-25
119	2011-04-17		Carrie	Jackson	CarrieJackson@gmail.com	0017841835651		1970-09-14
120	2014-04-22		Flossie	Garabedian	FlossieGarabedian@gmail.com	0010512710256		1969-08-07
121	2010-12-28		Glenn	Huitink	GlennHuitink@gmail.com	0013126607440		1960-11-22
122	2014-09-21		Lawrence	Mack	LawrenceMack@gmail.com	0012130342876		1977-05-23
123	2010-05-03		Nancy	Stone	NancyStone@gmail.com	0010127850778		1975-05-27
124	2014-08-21		Donald	Henke	DonaldHenke@gmail.com	0014673115505		1998-11-06
125	2012-01-20		Aretha	Baker	ArethaBaker@gmail.com	0016180472147		1995-12-26
126	2011-04-05		Bonnie	Sheehan	BonnieSheehan@gmail.com	0015160281678		1974-03-06
127	2013-04-17		Lisa	Victorine	LisaVictorine@gmail.com	0017004564031		1984-11-09
128	2013-08-10		Mary	Bliss	MaryBliss@gmail.com	0018024674873		1960-01-11
129	2012-07-13		Michael	Giraldo	MichaelGiraldo@gmail.com	0010343526375		1962-11-09
130	2010-11-11		Sandra	Boysen	SandraBoysen@gmail.com	0018613265385		1961-04-05
131	2010-03-24		Roxanne	Goode	RoxanneGoode@gmail.com	0013425352868		1991-04-20
132	2014-06-25		Bob	Trujillo	BobTrujillo@gmail.com	0011881202521		1991-11-05
133	2010-09-25		Debbie	Connolly	DebbieConnolly@gmail.com	0012877724081		1995-12-11
134	2010-11-20		Margaret	Lesinski	MargaretLesinski@gmail.com	0011824623870		1997-06-25
135	2011-04-10		Steven	Mcdonald	StevenMcdonald@gmail.com	0018313674274		1961-09-03
136	2014-03-03		David	Marinas	DavidMarinas@gmail.com	0015644861784		1972-12-12
137	2011-07-26		Corey	Hardy	CoreyHardy@gmail.com	0018164353138		1961-07-24
138	2010-10-22		Mitchell	Gibson	MitchellGibson@gmail.com	0012676124053		1970-01-30
139	2010-04-20		Margaret	Gibbs	MargaretGibbs@gmail.com	0013316457802		1995-05-08
140	2010-08-11		Joseph	Billings	JosephBillings@gmail.com	0014578882080		1981-11-13
141	2013-01-19		Andrew	Neal	AndrewNeal@gmail.com	0013225115871		1999-01-10
142	2012-10-06		Ryan	Dartez	RyanDartez@gmail.com	0015378677381		1990-07-19
143	2013-10-15		Robert	Oswalt	RobertOswalt@gmail.com	0016700430526		1983-10-13
144	2014-02-22		Rosie	Ledue	RosieLedue@gmail.com	0012182770862		1976-12-28
145	2013-08-17		Lynn	Forbis	LynnForbis@gmail.com	0015852208768		1962-03-18
146	2010-02-07		Monty	Gartland	MontyGartland@gmail.com	0010860113665		1978-05-23
147	2012-07-31		Robert	Harrison	RobertHarrison@gmail.com	0017301802805		1960-10-22
148	2011-03-19		Shaquita	Fisher	ShaquitaFisher@gmail.com	0012742324385		1975-12-29
149	2013-10-12		Taylor	Guillory	TaylorGuillory@gmail.com	0012471144801		1989-09-19
150	2010-11-27		Audrey	Hires	AudreyHires@gmail.com	0013062468200		1989-03-07
151	2012-10-31		Olga	Aldrich	OlgaAldrich@gmail.com	0012246106302		1975-05-06
152	2011-09-16		Bobby	Metzger	BobbyMetzger@gmail.com	0010113504752		1983-01-21
153	2013-03-01		Franklin	Henry	FranklinHenry@gmail.com	0011205407506		1963-04-10
154	2014-04-26		Fred	Reik	FredReik@gmail.com	0012504435672		1985-02-17
155	2011-02-26		Logan	Hall	LoganHall@gmail.com	0017241822265		1979-10-28
156	2011-10-20		Maia	Lee	MaiaLee@gmail.com	0010210628238		1978-03-03
157	2012-07-29		Kim	Wallace	KimWallace@gmail.com	0014382568785		1991-07-24
158	2013-11-13		Amy	Macias	AmyMacias@gmail.com	0010521323820		1985-08-12
159	2012-01-23		Bessie	Diaz	BessieDiaz@gmail.com	0017230772721		1980-09-20
160	2014-11-12		Martha	Huber	MarthaHuber@gmail.com	0016525566707		1997-12-14
161	2013-02-24		Matthew	Heyward	MatthewHeyward@gmail.com	0014001133715		1985-07-28
162	2011-04-04		Hayley	Morris	HayleyMorris@gmail.com	0017638031220		1980-04-13
163	2014-07-03		Keith	Jacobs	KeithJacobs@gmail.com	0016344072418		1983-04-22
164	2013-11-12		Andy	Johnson	AndyJohnson@gmail.com	0017052163060		1992-11-30
165	2010-09-27		Sandra	Mcgee	SandraMcgee@gmail.com	0018833732481		1981-08-24
166	2011-04-24		Kimberly	Fleming	KimberlyFleming@gmail.com	0011276074847		1996-10-27
167	2012-06-01		Joan	Deanda	JoanDeanda@gmail.com	0011284217140		1992-12-16
168	2012-11-04		Velda	Sigler	VeldaSigler@gmail.com	0011726324245		1962-01-24
169	2011-10-09		Janet	Boots	JanetBoots@gmail.com	0011081850542		1980-08-11
170	2014-08-18		Nannie	Rankins	NannieRankins@gmail.com	0013013465645		1964-10-11
171	2013-09-13		Valarie	Lyon	ValarieLyon@gmail.com	0013538742501		1994-09-18
172	2012-01-13		Kristopher	Kirby	KristopherKirby@gmail.com	0012451146327		1969-04-21
173	2014-04-29		Harold	Cunningham	HaroldCunningham@gmail.com	0017273125460		1968-10-24
174	2014-11-27		Lillian	Guzowski	LillianGuzowski@gmail.com	0015051275413		1986-03-21
175	2011-11-30		Fernando	Martin	FernandoMartin@gmail.com	0012714001071		1970-11-04
176	2012-01-16		Erik	Figueroa	ErikFigueroa@gmail.com	0018268442670		1962-08-11
177	2014-02-16		Francisca	Murray	FranciscaMurray@gmail.com	0018551872026		1961-11-18
178	2014-03-31		Carol	Lotton	CarolLotton@gmail.com	0018273365320		1969-06-24
179	2013-07-09		Maria	Gregory	MariaGregory@gmail.com	0014652820676		1992-10-31
180	2011-04-04		Daniel	Costa	DanielCosta@gmail.com	0015343431220		1965-04-21
181	2011-12-16		Janette	Phillips	JanettePhillips@gmail.com	0016425671644		1976-06-11
182	2014-01-13		Ronald	Stevens	RonaldStevens@gmail.com	0016141007147		1991-01-29
183	2013-01-02		Autumn	Hogen	AutumnHogen@gmail.com	0011747536576		1962-05-09
184	2011-03-28		Francis	Walstrum	FrancisWalstrum@gmail.com	0015525108368		1977-10-12
185	2014-08-09		Charles	Judge	CharlesJudge@gmail.com	0010582630461		1976-01-30
186	2012-12-13		Maria	Kouba	MariaKouba@gmail.com	0018124088017		1995-10-21
187	2013-04-01		Jack	Jordan	JackJordan@gmail.com	0016707415662		1975-12-31
188	2014-02-07		Elliott	Johnson	ElliottJohnson@gmail.com	0015312665025		1976-10-29
189	2011-07-18		Adam	Wright	AdamWright@gmail.com	0016782676856		1995-06-17
190	2013-08-20		Eliza	Steiner	ElizaSteiner@gmail.com	0011624568482		1990-03-28
191	2012-02-24		Jerry	Aurora	JerryAurora@gmail.com	0011330271454		1990-02-13
192	2012-01-03		Joel	Soto	JoelSoto@gmail.com	0015043672072		1996-12-24
193	2013-12-30		Elisha	Rich	ElishaRich@gmail.com	0012317170706		1993-04-06
194	2012-10-26		Betty	Fry	BettyFry@gmail.com	0013671311004		1962-05-29
195	2011-04-17		Ann	Monsen	AnnMonsen@gmail.com	0017137741533		1994-02-07
196	2012-06-07		Loretta	Sullivan	LorettaSullivan@gmail.com	0012086364335		1995-05-01
197	2012-06-12		Lisa	Modica	LisaModica@gmail.com	0017352370542		1997-08-12
198	2012-05-25		Barbara	Gale	BarbaraGale@gmail.com	0017325558664		1974-06-09
199	2013-11-07		Shawn	Hartwig	ShawnHartwig@gmail.com	0017130356735		1976-01-24
