1	Elijah	Gardner	ElijahGardner@gmail.com	+14099711370		1981-11-11	2018-01-05				1	1		21
2	Melissa	Milam	MelissaMilam@gmail.com	+18327566585		1968-03-30	2020-08-01				14	3		22
3	Mary	Mcnally	MaryMcnally@gmail.com	+13611107743		1973-09-30	2017-09-15				10	1		23
4	Fred	Higgins	FredHiggins@gmail.com	+14321242452		1984-12-29	2017-07-07				1	1		24
5	Marcella	Farley	MarcellaFarley@gmail.com	+15125421594		1978-06-18	2017-10-29				5	1		25
6	Robert	Hsiao	RobertHsiao@gmail.com	+14307075747		1961-05-06	2015-10-01				15	1		26
7	Tracy	Davis	TracyDavis@gmail.com	+18302949715		1970-11-20	2017-02-09				8	1		27
8	Vivian	Shaw	VivianShaw@gmail.com	+13250254314		1980-07-18	2015-08-01				10	1		28
9	Daniel	Mitchell	DanielMitchell@gmail.com	+12100716095		1981-01-03	2008-08-08				2	1		29
10	Richard	Horton	RichardHorton@gmail.com	+19791954820		1983-07-08	2015-11-17				18	1		30
11	Miranda	Griffin	MirandaGriffin@gmail.com	+18327786717		1985-05-04	2016-02-04				12	1		31
12	Jeffrey	Foley	JeffreyFoley@gmail.com	+14091857115		1982-03-06	2017-02-24				5	1		32
13	Fanny	Weiner	FannyWeiner@gmail.com	+19157119156		1976-06-07	2020-09-07				8	3		33
14	Barbara	Miller	BarbaraMiller@gmail.com	+13616386102		1976-03-08	2003-07-16				3	1		34
15	Beverly	Andrews	BeverlyAndrews@gmail.com	+19560789720		1985-01-23	2004-05-04				3	1		35
16	Robert	Churchill	RobertChurchill@gmail.com	+15127930368		1980-04-12	2017-10-18				1	4		36
17	Joel	White	JoelWhite@gmail.com	+12548747048		1978-02-25	2012-12-29				3	3		37
18	Richard	Huard	RichardHuard@gmail.com	+14306102710		1982-07-12	2018-02-20				14	4		38
19	Deborah	Patterson	DeborahPatterson@gmail.com	+19039443663		1981-04-08	2014-12-16				10	1		39
20	Rebecca	Cobb	RebeccaCobb@gmail.com	+18327152609		1962-04-07	2017-08-19				8	1		40
21	Wesley	Cuomo	WesleyCuomo@gmail.com	+14698787253		1979-02-28	2021-10-25				14	3		41
22	Herbert	Payne	HerbertPayne@gmail.com	+19366358446		1972-11-23	2017-05-30				5	3		42
23	Richard	Heminger	RichardHeminger@gmail.com	+19035348366		1989-03-03	2014-06-11				15	1		43
24	Leroy	Johnson	LeroyJohnson@gmail.com	+12815673006		1981-06-17	2015-09-17				18	3		44
25	Susan	Kavanaugh	SusanKavanaugh@gmail.com	+13618856345		1984-05-02	2018-08-18				5	1		45
26	Howard	Kline	HowardKline@gmail.com	+13619108188		1986-01-20	2005-09-19				9	4		46
27	Francis	Ulloa	FrancisUlloa@gmail.com	+19158104782		1960-01-03	2021-04-29				8	4		47
28	Joe	Hammond	JoeHammond@gmail.com	+19154837805		1963-02-14	2017-01-28				14	3		48
29	Kendra	Wetmore	KendraWetmore@gmail.com	+19727305788		1983-08-04	2017-11-10				5	1		49
30	Michael	Wien	MichaelWien@gmail.com	+14308356112		1986-08-13	2021-08-16				14	4		50
31	Mary	Little	MaryLittle@gmail.com	+13611520656		1974-02-06	2015-08-04				18	1		51
32	Jenniffer	Szeto	JennifferSzeto@gmail.com	+13618364433		1970-05-02	2014-01-20				12	1		52
33	Lauren	Robinson	LaurenRobinson@gmail.com	+18304235752		1982-03-20	2018-02-03				5	1		53
34	William	Clay	WilliamClay@gmail.com	+18322624665		1969-02-02	2012-10-25				12	1		54
35	Kay	Weishaar	KayWeishaar@gmail.com	+12811738277		1964-01-21	2018-03-25				14	1		55
36	Raymond	Conroy	RaymondConroy@gmail.com	+13612631965		1971-09-20	2021-08-18				12	1		56
37	Howard	Perkins	HowardPerkins@gmail.com	+19402591277		1986-06-04	2016-04-06				6	1		57
38	Jorge	Lackey	JorgeLackey@gmail.com	+14099992664		1974-12-01	2008-07-02				9	3		58
39	Steven	Wilde	StevenWilde@gmail.com	+18061982157		1987-12-14	2013-08-11				15	3		59
40	Joseph	Rahmani	JosephRahmani@gmail.com	+19031844034		1970-10-20	2014-12-29				15	1		60
41	Carol	Rivera	CarolRivera@gmail.com	+14326485263		1977-02-05	2015-11-04				18	1		61
42	Betty	Schwebach	BettySchwebach@gmail.com	+19159492846		1985-08-15	2020-02-12				8	1		62
43	Louise	Hawke	LouiseHawke@gmail.com	+19154244962		1985-12-30	2017-10-07				1	3		63
44	Ronald	Howard	RonaldHoward@gmail.com	+18309579480		1960-12-12	2015-10-17				18	1		64
45	Richard	Murphy	RichardMurphy@gmail.com	+19566180289		1971-04-12	2017-12-16				12	1		65
46	Robert	Nguyen	RobertNguyen@gmail.com	+13258378036		1967-10-13	2018-04-17				5	3		66
47	Alexander	Morataya	AlexanderMorataya@gmail.com	+19367030731		1967-10-21	2015-01-18				2	4		67
48	Stephen	Jones	StephenJones@gmail.com	+13616246793		1977-02-05	2021-11-04				12	1		68
49	Lyman	Carter	LymanCarter@gmail.com	+18179282376		1977-03-15	2005-07-24				9	3		69
50	David	German	DavidGerman@gmail.com	+19790582844		1963-03-04	2018-08-31				5	3		70
51	Larry	Coakley	LarryCoakley@gmail.com	+12812893494		1967-09-09	2019-07-29				5	1		71
52	Vincent	Tatar	VincentTatar@gmail.com	+18175393075		1978-03-15	2009-06-29				12	3		72
53	Daniel	Lima	DanielLima@gmail.com	+13256160687		1966-08-14	2015-10-17				15	1		73
54	Kevin	Shelton	KevinShelton@gmail.com	+12818820139		1980-05-15	2015-02-20				15	4		74
55	Sandra	Savage	SandraSavage@gmail.com	+14307085441		1984-05-11	2017-12-04				12	4		75
56	Judy	Johnson	JudyJohnson@gmail.com	+19031500638		1963-02-06	2002-06-29				2	4		76
57	Bradley	Levi	BradleyLevi@gmail.com	+19797938070		1981-09-15	2010-09-30				3	1		77
58	Debra	Godsey	DebraGodsey@gmail.com	+18178605367		1979-09-15	2014-07-23				3	1		78
59	Sarah	Shoemaker	SarahShoemaker@gmail.com	+12106490764		1974-02-18	2017-06-28				14	1		79
60	Lillian	Tucker	LillianTucker@gmail.com	+13251383661		1983-09-29	2002-01-15				2	1		80
61	Matthew	Foley	MatthewFoley@gmail.com	+14692756982		1981-12-03	2014-08-08				10	1		81
62	Rebecca	Ammons	RebeccaAmmons@gmail.com	+12810324474		1964-10-31	2006-12-06				12	1		82
63	Joshua	Dixon	JoshuaDixon@gmail.com	+13251088908		1966-11-15	2015-07-20				15	1		83
64	Adam	Pagan	AdamPagan@gmail.com	+12147685255		1981-12-13	2014-06-06				15	4		84
65	Sondra	Cole	SondraCole@gmail.com	+16820180249		1966-04-14	2016-01-08				18	1		85
66	Geraldine	Wickersham	GeraldineWickersham@gmail.com	+19030405703		1968-09-13	2010-07-30				3	3		86
67	Nickole	Thompson	NickoleThompson@gmail.com	+12109478894		1967-03-09	2006-10-22				3	1		87
68	Lilian	Byars	LilianByars@gmail.com	+19563086803		1987-03-17	2014-05-14				12	1		88
69	Paul	Kornbluth	PaulKornbluth@gmail.com	+14695796988		1987-03-17	2007-08-01				3	1		89
70	Yvette	Love	YvetteLove@gmail.com	+19366719264		1974-02-14	2015-03-17				10	1		90
71	Margaret	Smith	MargaretSmith@gmail.com	+13617802004		1969-01-31	2019-07-13				5	1		91
72	David	Shurtleff	DavidShurtleff@gmail.com	+13256042538		1963-02-26	2013-11-29				12	3		92
73	Danyell	Lawrence	DanyellLawrence@gmail.com	+18178414704		1980-12-05	2019-04-17				8	1		93
74	Nathan	Chadwick	NathanChadwick@gmail.com	+19720889443		1968-12-05	2017-08-08				1	4		94
75	Shoshana	Cutler	ShoshanaCutler@gmail.com	+19363071859		1980-03-24	2020-03-30				12	3		95
76	Harold	Murphy	HaroldMurphy@gmail.com	+19792456256		1968-12-23	2017-09-02				10	3		96
77	Henry	Fetterman	HenryFetterman@gmail.com	+14693046643		1965-12-30	2014-09-09				6	1		97
78	Shirley	Cardi	ShirleyCardi@gmail.com	+19724046873		1966-02-14	2003-04-07				9	1		98
79	John	Muilenburg	JohnMuilenburg@gmail.com	+12103836900		1961-05-02	2014-08-22				10	1		99
80	Linda	Coleman	LindaColeman@gmail.com	+19153160382		1962-10-20	2017-05-13				5	3		100
81	Carla	Abbott	CarlaAbbott@gmail.com	+16822636350		1977-10-31	2017-11-12				14	3		101
82	Jeanene	Volante	JeaneneVolante@gmail.com	+18309353506		1987-03-05	2017-11-09				10	3		102
83	Robert	Shieh	RobertShieh@gmail.com	+19034705702		1963-12-23	2017-09-03				5	3		103
84	Jason	Zimmerman	JasonZimmerman@gmail.com	+16825380853		1972-06-11	2017-08-27				1	4		104
85	Francis	Londner	FrancisLondner@gmail.com	+19404411948		1982-12-01	2015-10-27				18	3		105
86	Letha	Plunkett	LethaPlunkett@gmail.com	+14303272927		1978-10-29	2002-06-20				9	4		106
87	Lillian	Martin	LillianMartin@gmail.com	+18066974033		1971-10-25	2006-03-29				12	3		107
88	Robert	Hollingsworth	RobertHollingsworth@gmail.com	+19151149915		1966-06-26	2019-05-10				8	1		108
89	Edward	Paradis	EdwardParadis@gmail.com	+18325184215		1980-05-30	2005-05-25				9	3		109
90	Charlotte	Anthony	CharlotteAnthony@gmail.com	+16820701619		1982-12-19	2011-07-02				3	1		110
91	Richard	Brown	RichardBrown@gmail.com	+12144450066		1960-08-24	2018-09-16				6	3		111
92	Dustin	Pedraza	DustinPedraza@gmail.com	+18066501990		1982-06-26	2018-07-27				1	4		112
93	Patrick	Kujawa	PatrickKujawa@gmail.com	+18174555147		1973-12-22	2003-02-12				3	4		113
94	Joe	Burke	JoeBurke@gmail.com	+15123084523		1973-07-04	2013-10-06				15	1		114
95	Eric	Barros	EricBarros@gmail.com	+13610289311		1961-06-24	2019-12-06				12	3		115
96	Melissa	Blake	MelissaBlake@gmail.com	+18326385431		1976-01-28	2019-02-08				8	1		116
97	Juanita	Caudill	JuanitaCaudill@gmail.com	+14693150554		1965-11-29	2002-09-13				9	4		117
98	Naomi	Morber	NaomiMorber@gmail.com	+19155315197		1968-03-08	2014-03-26				15	1		118
99	Charles	Johnson	CharlesJohnson@gmail.com	+12540881917		1970-11-10	2006-11-20				3	1		119
100	Haywood	Loveday	HaywoodLoveday@gmail.com	+19030562328		1973-01-31	2007-12-27				9	1		120
101	Bruce	Bowen	BruceBowen@gmail.com	+12812967464		1973-03-23	2009-05-16				3	1		121
102	Matthew	Mahood	MatthewMahood@gmail.com	+17131495358		1965-03-25	2019-09-25				8	1		122
103	Audrey	Baker	AudreyBaker@gmail.com	+19565939160		1985-02-16	2019-10-11				12	1		123
104	Esmeralda	Jamison	EsmeraldaJamison@gmail.com	+18305620329		1987-01-17	2018-10-02				6	3		124
105	Henry	Dubuque	HenryDubuque@gmail.com	+14691771985		1971-06-08	2018-12-07				8	3		125
106	Neal	Mcdaniel	NealMcdaniel@gmail.com	+19561578302		1989-01-09	2018-06-19				12	3		126
107	Nellie	Chamberlain	NellieChamberlain@gmail.com	+19406851976		1974-06-25	2018-09-08				12	4		127
108	Stephanie	Benson	StephanieBenson@gmail.com	+19727337216		1984-09-14	2004-08-21				3	1		128
109	Michelle	Way	MichelleWay@gmail.com	+12818259126		1983-05-04	2015-10-07				12	3		129
110	Carol	French	CarolFrench@gmail.com	+14094321869		1971-10-27	2011-10-21				2	1		130
111	John	Yarberry	JohnYarberry@gmail.com	+18326698961		1985-03-23	2017-03-28				12	1		131
112	Louis	Scott	LouisScott@gmail.com	+13619393657		1963-04-28	2014-10-07				15	1		132
113	Joyce	Butler	JoyceButler@gmail.com	+18068712910		1972-05-30	2018-09-24				14	3		133
114	James	Mccoun	JamesMccoun@gmail.com	+18323740294		1971-02-28	2005-12-13				3	1		134
115	Carl	Diederich	CarlDiederich@gmail.com	+12811719246		1981-03-13	2019-11-30				14	3		135
116	Rodney	Julian	RodneyJulian@gmail.com	+18305348107		1970-12-24	2017-08-10				12	1		136
117	Anna	Jackson	AnnaJackson@gmail.com	+13253771190		1988-02-01	2018-11-20				6	1		137
118	Bette	White	BetteWhite@gmail.com	+19153307170		1987-01-28	2016-03-10				12	1		138
119	Jennifer	Meginnes	JenniferMeginnes@gmail.com	+19404862684		1974-12-25	2018-03-22				6	1		139
120	Kimberlee	James	KimberleeJames@gmail.com	+19153627218		1974-03-05	2015-12-16				18	3		140
121	Sally	Nicks	SallyNicks@gmail.com	+18325187269		1974-12-26	2012-02-04				6	1		141
122	Lynette	Christensen	LynetteChristensen@gmail.com	+14329099079		1975-02-26	2021-08-27				6	1		142
123	Melissa	Puffer	MelissaPuffer@gmail.com	+12546440244		1968-05-05	2019-05-09				10	3		143
124	Latoya	Hall	LatoyaHall@gmail.com	+19722401138		1967-10-13	2015-11-14				6	4		144
125	Wilbert	White	WilbertWhite@gmail.com	+19401026933		1968-11-28	2018-12-07				8	1		145
126	John	Valdes	JohnValdes@gmail.com	+13616714559		1963-11-21	2004-04-19				2	3		146
127	Sylvia	Clark	SylviaClark@gmail.com	+15128551713		1975-04-26	2015-08-16				2	1		147
128	Diane	Melanson	DianeMelanson@gmail.com	+17133713271		1966-03-27	2019-05-28				12	1		148
129	Joseph	Kurtz	JosephKurtz@gmail.com	+14099328933		1969-12-09	2018-08-04				1	3		149
130	Daniel	Matlock	DanielMatlock@gmail.com	+19154785865		1963-10-20	2018-11-08				5	3		150
131	Johnny	Gomez	JohnnyGomez@gmail.com	+18308175272		1964-12-04	2007-11-16				3	3		151
132	Andrew	Cable	AndrewCable@gmail.com	+14091008965		1968-04-12	2019-03-15				6	1		152
133	Joyce	Mcnab	JoyceMcnab@gmail.com	+18065727411		1980-05-29	2007-04-22				2	3		153
134	Janeth	Washington	JanethWashington@gmail.com	+19566245675		1967-09-24	2017-04-22				12	1		154
135	April	Cracchiolo	AprilCracchiolo@gmail.com	+17135343835		1983-05-25	2018-10-11				14	1		155
136	Kevin	Dortch	KevinDortch@gmail.com	+12140327587		1966-10-16	2015-03-06				15	3		156
137	Velma	Combs	VelmaCombs@gmail.com	+19728449958		1968-05-14	2013-12-30				12	3		157
138	Amy	Nunez	AmyNunez@gmail.com	+14099830473		1975-04-18	2013-09-28				15	1		158
139	Joann	Regan	JoannRegan@gmail.com	+18171376852		1980-11-17	2007-02-01				9	3		159
140	Bettie	Daughtrey	BettieDaughtrey@gmail.com	+14301655675		1986-10-11	2004-08-21				2	4		160
141	Sandra	Jensen	SandraJensen@gmail.com	+14321336443		1976-06-27	2015-01-08				15	1		161
142	William	Smith	WilliamSmith@gmail.com	+12103086939		1973-01-26	2018-02-23				5	3		162
143	Robert	Archambault	RobertArchambault@gmail.com	+18179805097		1977-09-02	2016-02-01				18	3		163
144	Johnathon	Derosa	JohnathonDerosa@gmail.com	+18320734815		1961-04-01	2018-02-13				14	3		164
145	Larry	Jeune	LarryJeune@gmail.com	+13259814673		1964-08-20	2017-03-22				5	1		165
146	Jeffrey	Moman	JeffreyMoman@gmail.com	+12107380519		1962-07-06	2011-06-11				2	3		166
147	Diane	Dobos	DianeDobos@gmail.com	+18329348096		1962-08-25	2004-07-18				2	4		167
148	Kathleen	Young	KathleenYoung@gmail.com	+12811274978		1977-10-11	2018-08-23				5	1		168
149	Michael	Aguirre	MichaelAguirre@gmail.com	+14691013635		1967-04-12	2017-06-21				1	3		169
150	Russell	Lee	RussellLee@gmail.com	+14692654295		1964-02-22	2017-12-03				1	3		170
151	German	Leising	GermanLeising@gmail.com	+14693206586		1968-10-19	2019-09-08				5	4		171
152	Linda	Sykes	LindaSykes@gmail.com	+12815320338		1962-09-14	2015-10-13				15	1		172
153	Louis	Champion	LouisChampion@gmail.com	+15124085758		1985-09-25	2021-05-16				10	1		173
154	Betty	Smith	BettySmith@gmail.com	+19366092373		1965-03-22	2011-11-21				12	1		174
155	Lacey	Andersen	LaceyAndersen@gmail.com	+14326585395		1980-06-21	2020-07-30				6	1		175
156	Richard	Thomas	RichardThomas@gmail.com	+18060565273		1975-11-04	2018-06-01				12	1		176
157	Josephine	Woodward	JosephineWoodward@gmail.com	+19566822101		1960-12-27	2015-08-21				18	1		177
158	Mark	Rencher	MarkRencher@gmail.com	+12814414123		1973-04-08	2017-02-11				5	1		178
159	Claude	Lessman	ClaudeLessman@gmail.com	+13258491454		1963-01-06	2018-01-21				1	1		179
160	Arthur	Mora	ArthurMora@gmail.com	+13257104587		1968-03-19	2019-08-19				10	1		180
161	April	Warrick	AprilWarrick@gmail.com	+18321569199		1989-04-27	2013-11-23				3	1		181
162	James	Burns	JamesBurns@gmail.com	+19156014779		1983-04-22	2007-05-07				3	1		182
163	Patrick	Cashio	PatrickCashio@gmail.com	+18171774789		1960-12-05	2007-03-14				2	1		183
164	Anabel	Ibanez	AnabelIbanez@gmail.com	+19400081469		1969-03-12	2019-06-16				5	3		184
165	Alice	Kennedy	AliceKennedy@gmail.com	+17138564159		1988-02-02	2013-03-12				2	1		185
166	Steven	Miller	StevenMiller@gmail.com	+14099081103		1978-04-03	2004-06-27				9	3		186
167	Jenee	Bartz	JeneeBartz@gmail.com	+19723664348		1975-06-03	2018-08-29				10	1		187
168	James	Dolezal	JamesDolezal@gmail.com	+19401523246		1969-02-24	2017-12-14				12	1		188
169	Raymond	Tronaas	RaymondTronaas@gmail.com	+19720881138		1982-10-03	2014-09-15				15	3		189
170	Joseph	Ball	JosephBall@gmail.com	+12816634412		1968-11-22	2021-04-17				12	1		190
171	Richard	Doyle	RichardDoyle@gmail.com	+18324803824		1972-07-05	2015-11-27				18	1		191
172	Donna	Terrell	DonnaTerrell@gmail.com	+19561875735		1962-03-25	2015-09-22				10	1		192
173	Jerry	Edmonds	JerryEdmonds@gmail.com	+14300480109		1988-02-13	2017-04-20				1	3		193
174	Marion	Scoville	MarionScoville@gmail.com	+16820010629		1986-07-08	2004-04-01				9	1		194
175	James	Petit	JamesPetit@gmail.com	+14096246646		1966-05-17	2017-08-03				14	3		195
176	Krista	Ferrante	KristaFerrante@gmail.com	+18306227146		1985-05-28	2017-12-22				12	1		196
177	James	Spahn	JamesSpahn@gmail.com	+13257109213		1970-04-29	2015-09-23				15	1		197
178	Franklin	Jones	FranklinJones@gmail.com	+18306830415		1972-10-26	2021-06-04				10	4		198
179	Arturo	Waller	ArturoWaller@gmail.com	+14307307202		1974-05-08	2019-01-14				5	1		199
180	Roberto	Riley	RobertoRiley@gmail.com	+18328893152		1979-07-22	2016-03-12				18	3		200
