1	Willie	Valerio	WillieValerio@gmail.com	+19796413555		1986-08-13	2014-07-16		1	2	25
2	Margaret	Mason	MargaretMason@gmail.com	+19795379157		1962-11-03	2012-07-19		2	4	25
3	George	Garner	GeorgeGarner@gmail.com	+19729164324		1960-04-05	2012-07-11		3	5	25
4	Joseph	Fleming	JosephFleming@gmail.com	+14095568081		1999-11-14	2013-11-14		4	4	25
5	William	Sledge	WilliamSledge@gmail.com	+14303217924		1991-01-14	2010-10-11		5	5	25
6	Almeda	Biancardi	AlmedaBiancardi@gmail.com	+19362479506		1971-11-04	2012-03-05		6	2	25
7	Mary	Delgado	MaryDelgado@gmail.com	+14323593541		1962-11-07	2013-11-25		7	2	25
8	Kenneth	Hassett	KennethHassett@gmail.com	+14307068708		1960-04-02	2011-11-07		8	2	25
9	Rose	Collins	RoseCollins@gmail.com	+16824476111		1977-10-22	2011-06-25		9	4	25
10	Holly	Smith	HollySmith@gmail.com	+14327676731		1965-01-21	2010-09-01		10	3	25
11	Ernesto	Blizzard	ErnestoBlizzard@gmail.com	+19406760271		1978-08-24	2010-06-01		11	2	25
12	Alice	Blankenship	AliceBlankenship@gmail.com	+18065229557		1995-05-12	2012-08-07		12	1	25
13	Kevin	Koch	KevinKoch@gmail.com	+14303205444		1981-03-07	2013-07-18		13	3	25
14	Alejandro	Klein	AlejandroKlein@gmail.com	+13250126628		1965-04-06	2013-03-17		14	3	25
15	James	Mcfolley	JamesMcfolley@gmail.com	+13613792226		1978-11-28	2014-11-08		15	4	25
16	Pearl	Muzyka	PearlMuzyka@gmail.com	+18064171991		1997-09-14	2013-11-27		16	3	25
17	Zenia	Israel	ZeniaIsrael@gmail.com	+19369366556		1995-12-12	2014-01-14		17	5	25
18	Sara	James	SaraJames@gmail.com	+14096064410		1974-01-07	2011-04-02		18	4	25
19	Olga	Cardamone	OlgaCardamone@gmail.com	+12818039848		1977-04-26	2010-11-02		19	2	25
20	Heather	Mclain	HeatherMclain@gmail.com	+16826260868		1978-09-30	2010-07-11		20	3	25
21	Melissa	Johnson	MelissaJohnson@gmail.com	+13256063755		1976-02-26	2012-04-14		21	1	25
22	Marvin	Oconnor	MarvinOconnor@gmail.com	+15123185172		1972-03-07	2013-07-07		22	2	25
23	Allen	Seawood	AllenSeawood@gmail.com	+12816727572		1998-02-12	2014-07-09		23	5	25
24	Richard	Huff	RichardHuff@gmail.com	+19726175027		1960-05-05	2010-07-04		24	3	25
25	Pearly	Dardon	PearlyDardon@gmail.com	+17134144371		1990-07-22	2012-08-05		25	5	25
26	Kathy	Roman	KathyRoman@gmail.com	+14093627304		1986-09-22	2010-12-21		26	3	25
27	Josefa	Rich	JosefaRich@gmail.com	+19366695806		1975-07-07	2013-06-30		27	3	25
28	Larry	Maddock	LarryMaddock@gmail.com	+18306295230		1965-10-15	2014-04-11		28	3	25
29	Francis	Tompkins	FrancisTompkins@gmail.com	+19404160242		1967-05-05	2013-06-21		29	1	25
30	Kathryn	Kasahara	KathrynKasahara@gmail.com	+19726912972		1964-05-28	2012-02-18		30	1	25
31	Thomas	Pickel	ThomasPickel@gmail.com	+19724293118		1991-04-28	2010-02-02		31	3	25
32	Raquel	Goodermote	RaquelGoodermote@gmail.com	+12109467003		1976-10-27	2010-08-27		32	5	25
33	Jerrod	Wise	JerrodWise@gmail.com	+19562196575		1980-01-22	2013-05-10		33	4	25
34	Mitchell	Graham	MitchellGraham@gmail.com	+12146252792		1961-03-27	2011-11-14		34	5	25
35	Elbert	Little	ElbertLittle@gmail.com	+19561497164		1986-03-04	2013-12-08		35	1	25
36	Clinton	Reynolds	ClintonReynolds@gmail.com	+14326516927		1995-06-29	2014-11-17		36	1	25
37	Maximina	Stec	MaximinaStec@gmail.com	+19728989073		1971-09-13	2012-08-10		37	4	25
38	Earl	Broglio	EarlBroglio@gmail.com	+18175329173		1999-04-28	2012-08-14		38	1	25
39	Josephine	Horton	JosephineHorton@gmail.com	+13255295960		1975-05-06	2014-03-13		39	3	25
40	Robert	Holden	RobertHolden@gmail.com	+19407771674		1968-02-23	2010-08-03		40	1	25
41	Maria	Alvarado	MariaAlvarado@gmail.com	+19030672914		1998-11-02	2012-11-20		41	3	25
42	Lupe	Kirby	LupeKirby@gmail.com	+18325804058		1993-06-29	2014-12-24		42	4	25
43	Bobby	Hagins	BobbyHagins@gmail.com	+17131651162		1978-08-08	2013-01-24		43	5	25
44	Lance	Silva	LanceSilva@gmail.com	+19365042719		1979-04-20	2014-07-27		44	4	25
45	Craig	Shockley	CraigShockley@gmail.com	+15121349671		1988-02-02	2012-04-26		45	1	25
46	Harold	Pena	HaroldPena@gmail.com	+18328536755		1988-08-18	2012-03-11		46	2	25
47	Jennifer	Summerfield	JenniferSummerfield@gmail.com	+12142922487		1979-01-01	2010-12-16		47	2	25
48	John	Keel	JohnKeel@gmail.com	+14308143082		1997-11-30	2010-12-07		48	5	25
49	Charles	Palmer	CharlesPalmer@gmail.com	+14698190321		1968-12-24	2010-09-18		49	5	25
50	Darrell	Wells	DarrellWells@gmail.com	+19408453594		1995-07-03	2013-10-27		50	4	25
51	Krista	Tienda	KristaTienda@gmail.com	+19404789404		1972-06-29	2013-11-12		51	5	25
52	Aaron	Thompson	AaronThompson@gmail.com	+12108770472		1993-09-10	2011-03-30		52	2	25
53	Clay	Gillis	ClayGillis@gmail.com	+16823905346		1995-09-02	2012-09-15		53	1	25
54	Ariel	Mitchell	ArielMitchell@gmail.com	+12541003492		1997-04-05	2011-10-19		54	3	25
55	Edward	Charron	EdwardCharron@gmail.com	+19402864650		1986-01-23	2014-07-21		55	4	25
56	Thomas	Williams	ThomasWilliams@gmail.com	+12813299461		1967-02-20	2010-10-11		56	5	25
57	William	Williams	WilliamWilliams@gmail.com	+18323368072		1964-04-11	2014-04-14		57	1	25
58	Christian	Ellison	ChristianEllison@gmail.com	+13252670510		1961-05-17	2010-03-04		58	2	25
59	Alfred	Rosado	AlfredRosado@gmail.com	+19362067926		1971-02-23	2013-06-10		59	4	25
60	Granville	Quasdorf	GranvilleQuasdorf@gmail.com	+14690021855		1970-01-11	2013-01-21		60	2	25
61	Morgan	Bland	MorganBland@gmail.com	+14326013222		1964-05-20	2010-05-24		61	4	25
62	Nancy	Cipolla	NancyCipolla@gmail.com	+18303151219		1979-08-02	2014-07-06		62	2	25
63	Deborah	Goddard	DeborahGoddard@gmail.com	+19797935668		1968-11-22	2011-01-13		63	2	25
64	Debra	Jones	DebraJones@gmail.com	+19032592808		1965-03-30	2012-01-23		64	3	25
65	Werner	Taylor	WernerTaylor@gmail.com	+12102840139		1976-02-17	2010-05-19		65	2	25
66	Brent	Smith	BrentSmith@gmail.com	+19726544783		1987-12-26	2011-08-28		66	5	25
67	John	King	JohnKing@gmail.com	+19569024318		1990-03-01	2014-06-11		67	2	25
68	Mary	Yancy	MaryYancy@gmail.com	+19405588253		1987-06-27	2010-06-15		68	5	25
69	Wm	Houston	WmHouston@gmail.com	+14326842831		1978-08-19	2014-01-15		69	5	25
70	Chad	Looney	ChadLooney@gmail.com	+12542719784		1961-02-05	2010-06-19		70	2	25
71	David	Johnson	DavidJohnson@gmail.com	+19722626611		1974-08-11	2012-01-21		71	5	25
72	Ana	Dixon	AnaDixon@gmail.com	+16822109064		1977-08-06	2011-09-15		72	4	25
73	Eddie	Oneal	EddieOneal@gmail.com	+13257051632		1969-04-20	2013-04-10		73	5	25
74	Pierre	Duerr	PierreDuerr@gmail.com	+12813480411		1998-09-30	2012-11-26		74	5	25
75	John	Chantler	JohnChantler@gmail.com	+12541515366		1968-07-10	2012-11-19		75	5	25
76	Carl	Bush	CarlBush@gmail.com	+18322014978		1962-08-04	2014-03-02		76	4	25
77	Joyce	Macdonald	JoyceMacdonald@gmail.com	+18064037850		1962-07-02	2013-02-10		77	1	25
78	Dorothy	Burnham	DorothyBurnham@gmail.com	+14305272916		1977-05-26	2011-04-09		78	1	25
79	Lenore	Gonzalez	LenoreGonzalez@gmail.com	+19725512352		1969-06-01	2011-10-06		79	3	25
80	Andrew	Trevino	AndrewTrevino@gmail.com	+14320796529		1997-01-17	2014-07-09		80	3	25
81	Jimmie	Milne	JimmieMilne@gmail.com	+13259580447		1962-06-14	2014-06-05		81	2	25
82	Adam	Robbins	AdamRobbins@gmail.com	+19725624223		1968-02-26	2014-07-09		82	1	25
83	Jane	Goulet	JaneGoulet@gmail.com	+18302837571		1971-02-07	2011-11-01		83	1	25
84	Maureen	Sanborn	MaureenSanborn@gmail.com	+18176445437		1980-04-29	2014-12-04		84	5	25
85	Mary	Marcella	MaryMarcella@gmail.com	+19150034678		1970-08-25	2010-09-21		85	5	25
86	Roxanne	Cuevas	RoxanneCuevas@gmail.com	+19729981974		1980-10-04	2012-05-26		86	1	25
87	Kenneth	Thomas	KennethThomas@gmail.com	+19723386086		1962-01-23	2010-06-30		87	3	25
88	Connie	Johnson	ConnieJohnson@gmail.com	+19034719566		1983-08-15	2013-03-10		88	3	25
89	Allan	Willis	AllanWillis@gmail.com	+18175060161		1962-02-15	2011-01-19		89	2	25
90	Alvin	Jeffers	AlvinJeffers@gmail.com	+15120651610		1983-04-18	2013-08-10		90	4	25
91	Mark	Padgett	MarkPadgett@gmail.com	+13259678053		1999-03-10	2011-12-07		91	2	25
92	Stacey	Penn	StaceyPenn@gmail.com	+19726780678		1961-05-10	2011-10-03		92	2	25
93	Roger	Garcia	RogerGarcia@gmail.com	+14091214453		1980-09-23	2014-09-28		93	4	25
94	Anna	Batts	AnnaBatts@gmail.com	+19035852350		1966-03-14	2013-11-14		94	3	25
95	Dana	Lopez	DanaLopez@gmail.com	+19362762609		1979-08-08	2011-07-11		95	1	25
96	Shawn	Thomas	ShawnThomas@gmail.com	+12108457900		1960-07-18	2011-01-05		96	5	25
97	Maria	Black	MariaBlack@gmail.com	+19364018448		1963-10-10	2013-12-15		97	1	25
98	Laura	Terrell	LauraTerrell@gmail.com	+19566467073		1990-05-06	2011-03-09		98	5	25
99	Gary	Burke	GaryBurke@gmail.com	+19792271492		1994-07-07	2012-05-05		99	5	25
100	John	Torres	JohnTorres@gmail.com	+18322859608		1961-03-20	2010-07-16		100	1	25
