1	Vanessa	Porter	VanessaPorter@gmail.com	+12816674371		1981-06-21	2010-08-24	2012-03-18	1	5	2
2	Marcelino	Jaillet	MarcelinoJaillet@gmail.com	+16826536345		1985-05-26	2015-11-07	2016-06-29	2	2	2
3	Brad	Green	BradGreen@gmail.com	+12149352840		1982-09-26	2017-07-12	2019-09-15	3	4	2
4	Donald	Fisher	DonaldFisher@gmail.com	+14306707157		1983-09-25	2015-10-23	2017-04-11	4	4	2
5	Francis	Olivas	FrancisOlivas@gmail.com	+19564638221		1995-08-23	2015-10-22	2016-06-09	5	2	2
6	Dolly	Caruso	DollyCaruso@gmail.com	+18326455974		1968-08-19	2010-03-02	2011-10-24	6	4	2
7	Jeffrey	Greigo	JeffreyGreigo@gmail.com	+17134608699		1971-08-17	2015-07-15	2016-04-13	7	4	2
8	Donna	Stremming	DonnaStremming@gmail.com	+14696078708		1965-02-21	2016-07-23	2018-07-03	8	2	1
9	Rita	Carter	RitaCarter@gmail.com	+19151130187		1964-06-10	2011-09-15	2013-06-06	9	2	1
10	Nicole	Cotto	NicoleCotto@gmail.com	+17134724944		1978-12-08	2016-04-02	2018-01-05	10	3	2
11	Frank	Rozier	FrankRozier@gmail.com	+14303819600		1968-12-04	2014-09-28		11	1	1
12	Kristopher	Barry	KristopherBarry@gmail.com	+13612502719		1961-02-01	2017-08-20		12	1	1
13	Linda	Oliver	LindaOliver@gmail.com	+12818681871		1998-04-03	2013-08-22	2014-09-18	13	4	1
14	Rita	Williams	RitaWilliams@gmail.com	+19721511484		1972-02-28	2010-07-03	2011-12-29	14	4	1
15	Normand	Constance	NormandConstance@gmail.com	+19036219041		1991-05-19	2010-04-22	2011-07-26	15	2	2
16	Michael	Soto	MichaelSoto@gmail.com	+12149382229		1976-01-20	2015-06-30	2016-06-17	16	3	2
17	Michelle	Pegues	MichellePegues@gmail.com	+19404123903		1977-10-24	2012-07-19		17	1	1
18	Kirk	Robertson	KirkRobertson@gmail.com	+18176051734		1966-02-10	2017-04-01	2019-06-07	18	3	2
19	Christopher	Mellin	ChristopherMellin@gmail.com	+14093927454		1968-02-12	2014-12-30	2015-03-07	19	3	2
20	Taunya	Flannagan	TaunyaFlannagan@gmail.com	+16823343895		1976-01-26	2016-06-10		20	1	1
21	Edward	Greenberg	EdwardGreenberg@gmail.com	+12107150226		1998-07-12	2014-05-19	2015-03-15	21	5	2
22	Rochelle	Davis	RochelleDavis@gmail.com	+17137851005		1972-04-04	2010-09-22	2011-12-03	22	2	1
23	Albert	Jones	AlbertJones@gmail.com	+13612716046		1998-09-29	2016-09-17		23	1	2
24	Michael	Artiaga	MichaelArtiaga@gmail.com	+14328805838		1967-01-22	2011-09-23	2012-01-29	24	4	2
25	Jayme	Starks	JaymeStarks@gmail.com	+19039381916		1975-01-19	2015-09-26	2018-01-21	25	4	1
26	Jessica	Garcia	JessicaGarcia@gmail.com	+14301119979		1968-08-17	2011-01-11		26	1	1
27	Joseph	Burton	JosephBurton@gmail.com	+18171357793		1991-10-29	2010-03-06	2011-09-04	27	5	1
28	Truman	Dennis	TrumanDennis@gmail.com	+15120386046		1960-11-29	2012-04-19	2013-01-31	28	5	1
29	Edward	Madison	EdwardMadison@gmail.com	+14327378263		1986-10-20	2015-05-23	2016-03-02	29	5	2
30	Miguel	Harris	MiguelHarris@gmail.com	+17136360511		1976-09-05	2014-03-01	2015-04-28	30	3	1
31	Tricia	Wilson	TriciaWilson@gmail.com	+19155008025		1988-10-17	2010-02-28	2010-09-05	31	2	1
32	Doris	Russell	DorisRussell@gmail.com	+19567304617		1965-06-06	2010-03-29	2012-06-27	32	3	1
33	Thomas	Morris	ThomasMorris@gmail.com	+19035113563		1994-01-26	2012-11-21	2015-08-10	33	2	1
34	Jerold	Summers	JeroldSummers@gmail.com	+13258823473		1988-07-26	2014-01-05	2014-02-06	34	3	1
35	Dwayne	Stamper	DwayneStamper@gmail.com	+14690479967		1998-01-27	2012-05-26	2013-01-24	35	4	2
36	Alan	Lorusso	AlanLorusso@gmail.com	+19361380806		1975-06-12	2017-04-10	2018-11-26	36	4	2
37	Mary	Carnes	MaryCarnes@gmail.com	+19152639658		1980-02-06	2014-11-02	2015-06-19	37	3	2
38	Felicia	Thomas	FeliciaThomas@gmail.com	+19366339296		1996-07-05	2012-06-30		38	1	1
39	Gary	Mendoza	GaryMendoza@gmail.com	+18069094757		1987-10-29	2015-12-19	2018-01-14	39	2	2
40	Bernard	Muhammad	BernardMuhammad@gmail.com	+14691121499		1989-07-26	2015-11-20	2018-01-08	40	3	2
41	Alan	Geraci	AlanGeraci@gmail.com	+15125151974		1964-08-25	2014-04-23	2016-01-28	41	3	2
42	Richard	Phinney	RichardPhinney@gmail.com	+14300261185		1977-10-27	2015-08-26	2016-10-11	42	5	2
43	Gary	Osborne	GaryOsborne@gmail.com	+12101706182		1971-09-22	2013-11-27	2016-04-11	43	3	1
44	Robert	Cobb	RobertCobb@gmail.com	+18170037405		1986-02-07	2014-09-02	2015-09-07	44	4	1
45	Edward	Stai	EdwardStai@gmail.com	+19564842421		1984-12-18	2013-03-18	2013-12-06	45	5	1
46	Mabel	Berglund	MabelBerglund@gmail.com	+19152797753		1976-06-28	2013-08-31	2016-04-25	46	3	1
47	Ruby	Leija	RubyLeija@gmail.com	+19793968122		1985-03-04	2012-03-14	2013-09-25	47	3	2
48	Colleen	Obrien	ColleenObrien@gmail.com	+12107181185		1987-01-31	2011-06-19		48	1	2
49	Wilfred	Dong	WilfredDong@gmail.com	+18320147216		1972-02-25	2014-05-24		49	1	1
50	Lewis	Gallagher	LewisGallagher@gmail.com	+12549372484		1988-09-22	2010-09-27	2011-06-28	50	5	2
51	Elsie	Powell	ElsiePowell@gmail.com	+19728661747		1988-10-03	2016-02-27	2017-03-19	51	2	2
52	Helen	Castro	HelenCastro@gmail.com	+19363265818		1980-05-28	2016-10-06	2016-10-17	52	4	1
53	Craig	Baughn	CraigBaughn@gmail.com	+13613655071		1987-01-14	2016-10-24	2018-12-23	53	4	2
54	Barry	Gregoire	BarryGregoire@gmail.com	+19155566144		1961-08-04	2017-06-26	2018-12-16	54	3	2
55	Michael	Jensen	MichaelJensen@gmail.com	+12140530469		1962-08-28	2017-01-15	2017-02-12	55	2	1
56	Laura	Anderson	LauraAnderson@gmail.com	+12540764766		1991-01-16	2013-10-25		56	1	2
57	James	Sledge	JamesSledge@gmail.com	+13250652576		1982-01-29	2014-08-21	2016-11-16	57	5	2
58	Herman	Brooks	HermanBrooks@gmail.com	+19794320190		1986-08-19	2010-10-15	2011-12-22	58	4	1
59	Mark	Hoskins	MarkHoskins@gmail.com	+18322389868		1991-06-02	2010-02-21	2010-09-13	59	3	2
60	Susan	Hudnall	SusanHudnall@gmail.com	+18062536289		1965-11-29	2014-05-22	2016-01-12	60	4	2
61	Marlene	Britt	MarleneBritt@gmail.com	+19409431830		1969-03-06	2011-06-09	2013-02-26	61	2	1
62	Robert	Click	RobertClick@gmail.com	+19403740935		1969-12-14	2016-04-02	2017-03-19	62	3	1
63	John	Long	JohnLong@gmail.com	+19405650464		1969-03-22	2013-10-17		63	1	2
64	Geraldine	Johnson	GeraldineJohnson@gmail.com	+14099587829		1998-06-29	2017-12-19	2019-03-20	64	3	2
65	Katherine	Rodriguez	KatherineRodriguez@gmail.com	+14327648396		1991-06-17	2013-07-08	2015-11-18	65	3	1
66	Nina	Butler	NinaButler@gmail.com	+16823435195		1990-07-05	2017-08-26	2019-01-06	66	2	2
67	Vanessa	Gosch	VanessaGosch@gmail.com	+12542356728		1965-03-22	2013-05-23		67	1	2
68	Alma	Rombough	AlmaRombough@gmail.com	+12818334013		1988-01-26	2016-04-25	2017-05-07	68	3	2
69	Travis	Koehl	TravisKoehl@gmail.com	+12547581340		1979-02-27	2011-04-24	2012-04-13	69	3	1
70	Mavis	Pantoja	MavisPantoja@gmail.com	+16828475682		1969-02-27	2015-08-16	2017-07-10	70	3	2
71	Monique	Peveler	MoniquePeveler@gmail.com	+18174179549		1993-01-26	2010-08-06	2011-12-19	71	3	2
72	Patsy	Bonner	PatsyBonner@gmail.com	+18309570561		1967-08-14	2015-01-24	2015-02-04	72	3	2
73	Darren	Ware	DarrenWare@gmail.com	+15124633438		1962-01-09	2016-02-14	2016-06-09	73	2	1
74	Robert	Hamilton	RobertHamilton@gmail.com	+19157367233		1967-01-15	2013-05-09	2015-04-21	74	3	1
75	Luis	Doe	LuisDoe@gmail.com	+18324643149		1984-11-22	2016-05-29	2017-04-24	75	2	1
76	Edward	Venneri	EdwardVenneri@gmail.com	+14095938179		1965-07-03	2010-01-21	2012-04-30	76	2	2
77	William	Galarza	WilliamGalarza@gmail.com	+15122926457		1994-12-23	2014-01-06	2015-05-30	77	5	2
78	Nicolas	Helton	NicolasHelton@gmail.com	+19565919700		1977-12-29	2011-07-15	2013-04-14	78	3	2
79	Kevin	Merideth	KevinMerideth@gmail.com	+14699418161		1961-02-13	2010-09-01	2013-03-24	79	2	1
80	Philip	Johnson	PhilipJohnson@gmail.com	+19369847800		1988-12-06	2011-04-08	2012-05-05	80	5	1
81	James	Cvetkovic	JamesCvetkovic@gmail.com	+13251118796		1999-11-23	2012-06-16		81	1	1
82	Frank	Winder	FrankWinder@gmail.com	+19799603706		1963-03-03	2014-02-03	2014-04-01	82	3	2
83	David	Gomez	DavidGomez@gmail.com	+19403298089		1988-09-12	2012-11-28	2014-03-10	83	3	1
84	Carl	Sanders	CarlSanders@gmail.com	+14696693570		1970-06-05	2016-11-24	2017-11-15	84	3	2
85	Kent	Bray	KentBray@gmail.com	+19797638186		1973-11-07	2010-08-07	2012-06-09	85	2	2
86	Leroy	Caudel	LeroyCaudel@gmail.com	+18067186639		1986-02-03	2010-05-30	2011-04-25	86	5	1
87	Misty	Nguyen	MistyNguyen@gmail.com	+19032532643		1974-10-03	2017-01-28	2017-03-23	87	2	1
88	Thomas	Trilling	ThomasTrilling@gmail.com	+15121199428		1992-08-12	2011-07-31	2012-05-10	88	3	2
89	Robert	Booher	RobertBooher@gmail.com	+15125932621		1999-10-28	2010-10-12	2013-03-12	89	2	2
90	Evelyn	Jackson	EvelynJackson@gmail.com	+19724979009		1966-08-06	2011-07-22	2012-06-29	90	5	2
91	Tommy	Leon	TommyLeon@gmail.com	+19036042001		1964-05-13	2013-02-19		91	1	1
92	James	Sheppard	JamesSheppard@gmail.com	+13257184543		1971-06-07	2013-12-21	2015-04-20	92	3	1
93	Mary	Baker	MaryBaker@gmail.com	+12542185856		1995-09-08	2015-03-28	2017-12-06	93	2	1
94	Milton	Snyder	MiltonSnyder@gmail.com	+19038835823		1978-06-01	2016-04-03	2018-03-11	94	5	2
95	David	Arias	DavidArias@gmail.com	+14324827694		1997-06-25	2012-10-24	2013-05-24	95	5	2
96	Craig	Junke	CraigJunke@gmail.com	+14328430933		1965-06-01	2011-04-24		96	1	2
97	Kerry	Hyde	KerryHyde@gmail.com	+18306066435		1993-12-25	2010-05-31	2011-07-09	97	4	1
98	Jonathan	Martin	JonathanMartin@gmail.com	+12106576915		1971-02-14	2012-02-05	2012-07-08	98	2	1
99	Jerry	Young	JerryYoung@gmail.com	+12100648182		1982-07-16	2016-01-29	2017-10-23	99	4	1
100	Harry	Biddle	HarryBiddle@gmail.com	+19404175669		1988-06-02	2016-03-31	2018-01-04	100	4	2
